person,ave hashtags,mean wlength per tweet,std of mean wlength per tweet,ave num words per tweet
kim,0.07390344562817928,6.82988542405,3.89978774588,13.258483218987577
elon,0.012600630031501575,6.21248846248,1.88575634073,14.616515045486354
neil,0.015712290502793297,5.3133547268,3.68306252132,19.15535568274734
obama,0.1880674448767834,6.41988577233,2.33030595123,16.65545010066149
trump,0.1160337552742616,6.0579342511,2.0623623429,18.553413654618474
