person,mean,std
kim,0.17804396149998952,0.1754287382732112
elon,0.10587704482857067,0.14556281046150746
neil,0.11881601201878148,0.10940238296078117
obama,0.11151185049698858,0.10382182691819618
trump,0.11738608838163066,0.11350848544653958
